GROUP,PACKAGE,CLASS,INSTRUCTION_MISSED,INSTRUCTION_COVERED,BRANCH_MISSED,BRANCH_COVERED,LINE_MISSED,LINE_COVERED,COMPLEXITY_MISSED,COMPLEXITY_COVERED,METHOD_MISSED,METHOD_COVERED
MTAS,mtas.codec,MtasFieldsProducer,103,257,4,10,21,54,9,11,6,7
MTAS,mtas.codec,MtasTerms,18,112,9,11,9,31,9,14,0,13
MTAS,mtas.codec,MtasCodec,42,81,4,6,12,28,8,10,4,9
MTAS,mtas.codec,MtasSimpleTextCodec,0,7,0,0,0,2,0,1,0,1
MTAS,mtas.codec,MtasCodecPostingsFormat,65,260,3,13,18,75,3,13,0,8
MTAS,mtas.codec,MtasFieldsConsumer,543,2821,76,190,65,645,75,80,1,21
MTAS,mtas.analysis.parser,MtasCRMParser.MtasCRMParserMappingWordAnnotation,21,0,0,0,8,0,2,0,2,0
MTAS,mtas.analysis.parser,MtasSketchParser.MtasSketchParserMappingWord,21,0,0,0,8,0,2,0,2,0
MTAS,mtas.analysis.parser,MtasCRMParser.MtasCRMParserMappingCRMSentence,21,0,0,0,8,0,2,0,2,0
MTAS,mtas.analysis.parser,MtasCRMParser.MtasCRMParserFunctionOutput,43,0,2,0,8,0,4,0,3,0
MTAS,mtas.analysis.parser,MtasTEIParser,22,0,0,0,9,0,2,0,2,0
MTAS,mtas.analysis.parser,MtasBasicParser.MtasParserType,3,44,0,0,1,15,1,7,1,7
MTAS,mtas.analysis.parser,MtasXMLParser.MtasXMLParserMappingWordAnnotation,2,19,0,0,1,7,1,1,1,1
MTAS,mtas.analysis.parser,MtasXMLParser.MtasXMLParserMappingWord,2,19,0,0,1,7,1,1,1,1
MTAS,mtas.analysis.parser,MtasCRMParser,2135,0,198,0,380,0,111,0,12,0
MTAS,mtas.analysis.parser,MtasCRMParser.MtasCRMAncestors,6,0,0,0,2,0,1,0,1,0
MTAS,mtas.analysis.parser,MtasParser,0,62,1,7,0,12,1,5,0,2
MTAS,mtas.analysis.parser,MtasXMLParser.MtasXMLParserMappingGroup,2,19,0,0,1,7,1,1,1,1
MTAS,mtas.analysis.parser,MtasBasicParser.MtasParserMappingToken,0,45,0,0,0,15,0,4,0,4
MTAS,mtas.analysis.parser,MtasCRMParser.MtasCRMParserMappingCRMPair,21,0,0,0,8,0,2,0,2,0
MTAS,mtas.analysis.parser,MtasSketchParser.MtasSketchParserMappingWordAnnotation,21,0,0,0,8,0,2,0,2,0
MTAS,mtas.analysis.parser,MtasFoliaParser,0,22,0,0,0,9,0,2,0,2
MTAS,mtas.analysis.parser,MtasElanParser,22,0,0,0,9,0,2,0,2,0
MTAS,mtas.analysis.parser,MtasXMLParser.MtasXMLParserMappingRelationAnnotation,21,0,0,0,8,0,2,0,2,0
MTAS,mtas.analysis.parser,MtasBasicParser.MtasParserMapping,1498,1245,205,123,277,271,144,48,9,19
MTAS,mtas.analysis.parser,MtasSketchParser.MtasSketchParserMappingGroup,21,0,0,0,8,0,2,0,2,0
MTAS,mtas.analysis.parser,MtasBasicParser.MtasParserVariable,192,0,16,0,27,0,11,0,3,0
MTAS,mtas.analysis.parser,MtasXMLParser.MtasXMLParserMappingRelation,2,19,0,0,1,7,1,1,1,1
MTAS,mtas.analysis.parser,MtasParser.MtasParserObject,135,308,19,19,32,83,22,35,8,30
MTAS,mtas.analysis.parser,MtasBasicParser.MtasParserVariableValue,9,0,0,0,4,0,1,0,1,0
MTAS,mtas.analysis.parser,MtasSketchParser,1180,0,124,0,214,0,68,0,6,0
MTAS,mtas.analysis.parser,MtasXMLParser,1290,1834,149,212,179,401,127,66,4,6
MTAS,mtas.analysis.parser,MtasBasicParser,1993,1685,360,202,388,356,221,85,6,19
MTAS,mtas.analysis.parser,MtasCRMParser.MtasCRMParserFunction,11,0,0,0,4,0,1,0,1,0
MTAS,mtas.analysis.parser,MtasXMLParser.MtasXMLParserMappingGroupAnnotation,10,26,3,1,3,10,3,2,1,2
MTAS,mtas.parser.function,MtasFunctionParser.LookaheadSuccess,0,3,0,0,0,1,0,1,0,1
MTAS,mtas.parser.function,MtasFunctionParser.JJCalls,0,3,0,0,0,1,0,1,0,1
MTAS,mtas.parser.function,MtasFunctionParserConstants,68,0,0,0,1,0,1,0,1,0
MTAS,mtas.parser.function,MtasFunctionParser,1173,916,138,120,183,196,108,80,17,36
MTAS,mtas.parser.function,ParseException,360,0,33,0,65,0,26,0,6,0
MTAS,mtas.parser.function,Token,14,20,0,0,5,7,4,3,4,3
MTAS,mtas.parser.function,TokenMgrError,175,0,17,0,37,0,18,0,6,0
MTAS,mtas.parser.function,MtasFunctionParserTokenManager,366,701,82,71,84,149,62,45,7,14
MTAS,mtas.parser.function,SimpleCharStream,797,269,45,15,136,61,53,16,26,12
MTAS,mtas.codec.util,CodecComponent.ComponentFields,0,47,0,0,0,16,0,1,0,1
MTAS,mtas.codec.util,CodecInfo,523,647,56,48,116,134,47,28,10,13
MTAS,mtas.codec.util,CodecComponent.ComponentFacet,764,0,70,0,107,0,40,0,5,0
MTAS,mtas.codec.util,CodecInfo.FieldReferences,0,18,0,0,0,7,0,1,0,1
MTAS,mtas.codec.util,CodecComponent.Match,54,9,10,0,12,4,7,1,2,1
MTAS,mtas.codec.util,CodecComponent.GroupHit.new Comparator() {...},18,6,2,0,4,1,2,1,1,1
MTAS,mtas.codec.util,CodecComponent.ComponentList,162,0,16,0,39,0,9,0,1,0
MTAS,mtas.codec.util,CodecSearchTree.MtasTreeHit,57,27,0,0,6,10,2,1,2,1
MTAS,mtas.codec.util,CodecComponent,3,0,0,0,2,0,1,0,1,0
MTAS,mtas.codec.util,CodecCollector.TermvectorNumberBasic,0,14,0,0,0,4,0,1,0,1
MTAS,mtas.codec.util,CodecCollector.TermvectorNumberFull,0,14,0,0,0,5,0,1,0,1
MTAS,mtas.codec.util,CodecComponent.ComponentSpan,6,213,11,27,3,42,11,13,0,5
MTAS,mtas.codec.util,CodecComponent.ComponentToken,12,46,2,2,2,11,2,1,0,1
MTAS,mtas.codec.util,CodecSearchTree.IntervalItem,0,9,0,0,0,4,0,1,0,1
MTAS,mtas.codec.util,CodecComponent.ComponentJoin,35,0,0,0,12,0,6,0,6,0
MTAS,mtas.codec.util,CodecComponent.ListToken,22,0,0,0,7,0,1,0,1,0
MTAS,mtas.codec.util,CodecComponent.ComponentPrefix,121,0,20,0,28,0,15,0,5,0
MTAS,mtas.codec.util,DataCollector,117,98,13,7,13,8,9,4,1,2
MTAS,mtas.codec.util,CodecComponent.ComponentField,0,59,0,0,0,14,0,1,0,1
MTAS,mtas.codec.util,CodecComponent.KwicToken,16,0,0,0,5,0,1,0,1,0
MTAS,mtas.codec.util,CodecComponent.ComponentGroup,251,156,34,6,41,31,19,3,0,2
MTAS,mtas.codec.util,CodecComponent.ComponentDocument,134,0,20,0,32,0,11,0,1,0
MTAS,mtas.codec.util,CodecCollector,6363,3583,1019,511,1201,796,612,194,15,26
MTAS,mtas.codec.util,CodecComponent.KwicHit,16,0,0,0,5,0,1,0,1,0
MTAS,mtas.codec.util,CodecComponent.ComponentKwic,151,0,26,0,29,0,14,0,1,0
MTAS,mtas.codec.util,CodecCollector.RegisterStatus,0,9,0,0,0,4,0,1,0,1
MTAS,mtas.codec.util,CodecSearchTree,120,768,31,93,18,147,27,46,1,10
MTAS,mtas.codec.util,CodecSearchTree.MtasTreeItem,0,30,0,0,0,11,0,1,0,1
MTAS,mtas.codec.util,CodecInfo.IndexDoc,6,63,0,2,2,17,0,2,0,1
MTAS,mtas.codec.util,CodecComponent.ListHit,22,0,0,0,7,0,1,0,1,0
MTAS,mtas.codec.util,CodecComponent.ComponentPosition,0,58,0,4,0,13,0,3,0,1
MTAS,mtas.codec.util,CodecComponent.SubComponentFunction,41,142,5,3,4,28,4,2,0,2
MTAS,mtas.codec.util,CodecComponent.ComponentTermVector,191,282,39,55,25,65,33,17,1,2
MTAS,mtas.codec.util,CodecComponent.GroupHit,1115,850,208,88,155,176,132,26,0,10
MTAS,mtas.codec.util,CodecUtil,131,374,30,38,23,71,24,21,3,8
MTAS,mtas.solr.update.processor,MtasUpdateRequestProcessorConfig,0,53,0,0,0,12,0,1,0,1
MTAS,mtas.solr.update.processor,MtasUpdateRequestProcessorFactory,135,445,22,38,24,103,20,15,0,5
MTAS,mtas.solr.update.processor,MtasUpdateRequestProcessorResultReader,85,98,6,6,16,28,7,6,1,6
MTAS,mtas.solr.update.processor,MtasUpdateRequestProcessorResultReader.new Iterator() {...},32,84,7,9,11,20,6,6,0,4
MTAS,mtas.solr.update.processor,MtasUpdateRequestProcessorResultWriter,77,100,15,3,23,30,10,6,1,6
MTAS,mtas.solr.update.processor,MtasUpdateRequestProcessor,117,347,22,26,23,94,20,9,1,4
MTAS,mtas.solr.update.processor,MtasUpdateRequestProcessorSizeReader,4,28,0,0,2,8,1,3,1,3
MTAS,mtas.solr.update.processor,MtasUpdateRequestProcessorResultItem,9,40,4,6,3,12,4,2,0,1
MTAS,mtas.analysis.util,MtasParserException,3,4,0,0,2,2,1,1,1,1
MTAS,mtas.analysis.util,MtasTokenizerFactory,197,149,19,27,20,41,15,16,0,8
MTAS,mtas.analysis.util,MtasConfigException,7,0,0,0,4,0,2,0,2,0
MTAS,mtas.analysis.util,MtasConfiguration,124,422,20,57,21,121,20,28,0,6
MTAS,mtas.analysis.util,MtasBufferedReader,705,0,112,0,161,0,72,0,16,0
MTAS,mtas.analysis.util,MtasPrefixTokenFilterFactory,7,10,0,0,1,3,1,1,1,1
MTAS,mtas.analysis.util,MtasPrefixTokenFilterFactory.MtasPrefixTokenFilter,140,0,16,0,25,0,12,0,4,0
MTAS,mtas.analysis.util,MtasBufferedReader.new Iterator() {...},50,0,8,0,13,0,7,0,3,0
MTAS,mtas.analysis.util,MtasFetchData,192,62,19,5,36,16,13,5,2,4
MTAS,mtas.analysis.util,MtasCharFilterFactory,257,222,23,37,31,53,19,19,0,8
MTAS,mtas.search,MtasCollector,7,0,0,0,4,0,4,0,4,0
MTAS,mtas.analysis.token,MtasOffset,17,28,0,0,1,9,1,4,1,4
MTAS,mtas.analysis.token,MtasTokenString,6,9,0,0,2,4,1,2,1,2
MTAS,mtas.analysis.token,MtasToken,950,565,104,56,123,151,82,52,15,39
MTAS,mtas.analysis.token,MtasTokenIdFactory,0,22,0,0,0,4,0,2,0,2
MTAS,mtas.analysis.token,MtasPosition,287,299,39,29,57,59,26,19,3,8
MTAS,mtas.analysis.token,MtasTokenCollection,504,461,69,63,89,97,53,25,2,10
MTAS,mtas.analysis.token,MtasTokenCollection.new Comparator() {...},54,84,8,10,5,13,8,4,0,3
MTAS,mtas.analysis.token,MtasTokenCollection.new Iterator() {...},4,25,0,0,1,4,1,3,1,3
MTAS,mtas.parser.function.util,MtasFunctionParserFunctionResponseDouble,39,54,7,7,8,17,8,5,2,4
MTAS,mtas.parser.function.util,MtasFunctionParserFunctionResponse,0,6,0,0,0,3,0,1,0,1
MTAS,mtas.parser.function.util,MtasFunctionParserFunctionBasic,1233,1701,347,251,167,273,276,113,0,12
MTAS,mtas.parser.function.util,MtasFunctionParserFunctionDefault,28,58,6,6,5,13,5,4,1,2
MTAS,mtas.parser.function.util,MtasFunctionParserItem,60,218,5,7,5,45,5,12,0,11
MTAS,mtas.parser.function.util,MtasFunctionParserFunctionResponseLong,55,39,9,5,12,12,9,4,2,4
MTAS,mtas.parser.function.util,MtasFunctionParserFunction,19,113,1,5,5,29,2,12,1,10
MTAS,mtas.search.similarities,MtasSimScorer,9,0,0,0,4,0,4,0,4,0
MTAS,mtas.queries,MtasScoreProvider,76,0,2,0,10,0,4,0,3,0
MTAS,mtas.queries,MtasScoreQuery,52,0,0,0,10,0,4,0,4,0
MTAS,mtas.search.spans.util,MtasSpanMaximumExpandQuery.MtasMaximumExpandWeight,146,0,14,0,32,0,11,0,4,0
MTAS,mtas.search.spans.util,MtasExtendedSpanTermQuery,103,111,11,11,17,24,12,6,3,4
MTAS,mtas.search.spans.util,MtasSpanUniquePosition,35,265,10,36,8,68,10,28,3,12
MTAS,mtas.search.spans.util,MtasExtendedSpanTermQuery.SpanTermWeight.new FilterSpans() {...},8,29,4,4,1,5,4,3,0,3
MTAS,mtas.search.spans.util,MtasIgnoreItem,204,609,37,63,35,108,29,37,1,15
MTAS,mtas.search.spans.util,MtasExtendedTermSpans,64,89,8,8,19,26,7,6,2,3
MTAS,mtas.search.spans.util,MtasSpanUniquePositionQuery,38,98,2,8,8,21,4,9,2,6
MTAS,mtas.search.spans.util,MtasSpanQuery,11,75,2,16,2,16,3,14,1,7
MTAS,mtas.search.spans.util,MtasSpanUniquePositionQuery.SpanUniquePositionWeight,10,27,0,2,4,8,2,3,2,2
MTAS,mtas.search.spans.util,MtasSpanWeight,6,0,0,0,2,0,1,0,1,0
MTAS,mtas.search.spans.util,MtasExtendedSpanTermQuery.SpanTermWeight,69,179,7,19,8,40,8,10,1,4
MTAS,mtas.search.spans.util,MtasSpanUniquePosition.Match,29,40,5,5,7,11,6,4,1,4
MTAS,mtas.search.spans.util,MtasSpanMaximumExpandQuery.MtasMaximumExpandSpans,214,0,16,0,57,0,20,0,12,0
MTAS,mtas.search.spans.util,MtasExtendedSpanAndQuery,69,56,7,5,17,10,7,3,2,2
MTAS,mtas.search.spans.util,MtasSpanMaximumExpandQuery,177,130,20,16,26,28,20,5,3,4
MTAS,mtas.codec.payload,MtasBitOutputStream,10,99,3,11,4,31,4,11,1,7
MTAS,mtas.codec.payload,MtasBitInputStream,33,94,6,10,8,26,5,9,1,5
MTAS,mtas.codec.payload,MtasPayloadEncoder,157,245,27,25,30,47,20,9,1,2
MTAS,mtas.codec.payload,MtasPayloadDecoder,91,254,15,27,19,58,14,15,0,8
MTAS,mtas.parser.cql,TokenMgrError,175,0,17,0,37,0,18,0,6,0
MTAS,mtas.parser.cql,Token,14,20,0,0,5,7,4,3,4,3
MTAS,mtas.parser.cql,MtasCQLParser,3889,5003,478,656,552,1030,416,418,35,188
MTAS,mtas.parser.cql,MtasCQLParser.JJCalls,0,3,0,0,0,1,0,1,0,1
MTAS,mtas.parser.cql,MtasCQLParserConstants,164,0,0,0,1,0,1,0,1,0
MTAS,mtas.parser.cql,MtasCQLParser.LookaheadSuccess,0,3,0,0,0,1,0,1,0,1
MTAS,mtas.parser.cql,ParseException,360,0,33,0,65,0,26,0,6,0
MTAS,mtas.parser.cql,MtasCQLParserTokenManager,1098,1467,199,175,277,290,158,126,10,27
MTAS,mtas.parser.cql,SimpleCharStream,797,269,46,14,136,61,54,15,26,12
MTAS,mtas.solr.handler.component.util,MtasSolrComponentList,2593,10,178,0,372,4,94,2,5,2
MTAS,mtas.solr.handler.component.util,MtasSolrComponentStats,1706,1668,129,93,200,282,89,40,5,13
MTAS,mtas.solr.handler.component.util,MtasSolrComponentFacet,2489,10,118,0,306,4,67,2,8,2
MTAS,mtas.solr.handler.component.util,MtasSolrComponentGroup,1780,10,84,0,220,4,48,2,6,2
MTAS,mtas.solr.handler.component.util,MtasSolrResultMerge,300,575,65,75,75,144,50,30,2,8
MTAS,mtas.solr.handler.component.util,MtasSolrJoinResult,34,0,0,0,10,0,3,0,3,0
MTAS,mtas.solr.handler.component.util,MtasSolrResultUtil,455,530,51,65,77,122,40,33,3,12
MTAS,mtas.solr.handler.component.util,MtasSolrMtasResult,488,372,55,39,86,81,42,14,2,7
MTAS,mtas.solr.handler.component.util,MtasSolrComponentDocument,1016,7,66,0,154,3,38,2,5,2
MTAS,mtas.solr.handler.component.util,MtasSolrComponentPrefix,494,10,62,0,107,4,37,2,6,2
MTAS,mtas.solr.handler.component.util,MtasSolrComponentTermvector,1323,2824,131,243,148,527,110,90,0,13
MTAS,mtas.solr.handler.component.util,MtasSolrComponentJoin,254,7,32,0,61,3,22,2,6,2
MTAS,mtas.solr.handler.component.util,MtasSolrComponentKwic,1574,3,108,0,260,2,60,1,6,1
MTAS,mtas.solr.schema,MtasPreAnalyzedField,13,126,1,1,2,31,1,3,0,3
MTAS,mtas.solr.schema,MtasPreAnalyzedParser,38,141,7,13,9,36,8,6,1,3
MTAS,mtas.search.spans,MtasSpanIntersectingQuery,151,175,29,25,30,35,27,8,3,5
MTAS,mtas.search.spans,MtasSpanFollowedBySpans,154,224,34,38,41,58,29,21,5,9
MTAS,mtas.search.spans,MtasSpanSequenceQuery.MtasSpanSequenceQuerySpans,5,15,1,1,0,4,1,1,0,1
MTAS,mtas.search.spans,MtasSpanPrecededByQuery,141,163,26,24,29,30,25,8,3,5
MTAS,mtas.search.spans,MtasSpanEndSpans,45,42,12,4,7,9,13,6,5,6
MTAS,mtas.search.spans,MtasSpanPrecededByQuery.MtasSpanPrecededByQuerySpans,5,12,1,1,0,3,1,1,0,1
MTAS,mtas.search.spans,MtasSpanSequenceQuery,196,371,36,56,40,73,33,24,5,6
MTAS,mtas.search.spans,MtasSpanContainingQuery,42,150,20,22,10,30,20,8,2,5
MTAS,mtas.search.spans,MtasSpanFollowedByQuery.MtasSpanFollowedByQuerySpans,5,12,1,1,0,3,1,1,0,1
MTAS,mtas.search.spans,MtasSpanSequenceQuery.SpanSequenceWeight,51,114,11,11,14,29,9,6,1,3
MTAS,mtas.search.spans,MtasSpanSequenceSpans.QueueItem,0,174,2,20,0,41,2,13,0,4
MTAS,mtas.search.spans,MtasSpanSequenceQuery.MtasSpanSequenceQueryWeight,0,9,0,0,0,4,0,1,0,1
MTAS,mtas.search.spans,MtasSpanPrecededBySpans,154,241,34,38,41,63,29,21,5,9
MTAS,mtas.search.spans,MtasSpanStartSpans,47,42,13,5,7,8,14,6,5,6
MTAS,mtas.search.spans,MtasSpanIntersectingSpans,95,275,26,46,24,72,27,23,4,10
MTAS,mtas.search.spans,MtasSpanRecurrenceQuery,185,242,35,29,31,57,32,13,5,8
MTAS,mtas.search.spans,MtasSpanWildcardQuery,303,0,30,0,49,0,23,0,8,0
MTAS,mtas.search.spans,MtasSpanPrefixQuery,128,157,14,14,18,29,17,5,4,4
MTAS,mtas.search.spans,MtasSpanFullyAlignedWithQuery.MtasSpanFullyAlignedWithQuerySpans,17,0,2,0,3,0,2,0,1,0
MTAS,mtas.search.spans,MtasSpanSequenceSpans.Match,46,40,5,5,8,11,7,4,2,4
MTAS,mtas.search.spans,MtasSpanNotQuery,30,107,12,14,8,20,13,7,2,5
MTAS,mtas.search.spans,MtasSpanFollowedByQuery.SpanFollowedByWeight,24,55,1,1,7,12,3,2,2,2
MTAS,mtas.search.spans,MtasSpanSequenceSpans,379,1274,103,225,78,269,79,105,4,16
MTAS,mtas.search.spans,MtasSpanEndQuery,54,77,4,8,11,19,5,8,2,5
MTAS,mtas.search.spans,MtasSpanWithinQuery,504,291,75,31,96,52,50,11,1,7
MTAS,mtas.search.spans,MtasSpanFullyAlignedWithQuery.MtasSpanFullyAlignedWithQueryWeight,6,0,0,0,3,0,1,0,1,0
MTAS,mtas.search.spans,MtasSpanRegexpQuery,134,171,12,18,20,30,15,8,4,4
MTAS,mtas.search.spans,MtasSpanFullyAlignedWithSpans,405,0,76,0,106,0,52,0,14,0
MTAS,mtas.search.spans,MtasSpanStartQuery,54,76,4,8,10,19,5,8,2,5
MTAS,mtas.search.spans,MtasSpanRecurrenceSpans,138,408,29,55,33,94,26,34,4,14
MTAS,mtas.search.spans,MtasSpanPositionSpans,80,143,8,8,20,37,10,9,5,6
MTAS,mtas.search.spans,MtasSpanFollowedByQuery.MtasSpanFollowedByQueryWeight,0,6,0,0,0,3,0,1,0,1
MTAS,mtas.search.spans,MtasSpanOrQuery,138,269,30,34,35,52,23,16,1,6
MTAS,mtas.search.spans,MtasSpanIntersectingQuery.MtasSpanIntersectingQueryWeight,0,6,0,0,0,3,0,1,0,1
MTAS,mtas.search.spans,MtasSpanMatchAllQuery.SpanAllWeight,45,92,3,7,13,21,5,5,3,2
MTAS,mtas.search.spans,MtasSpanPositionQuery,45,101,6,8,5,22,6,9,1,7
MTAS,mtas.search.spans,MtasSpanStartQuery.SpanTermWeight,10,21,0,0,4,5,2,2,2,2
MTAS,mtas.search.spans,MtasSpanMatchNoneQuery,59,36,8,4,12,11,7,6,2,5
MTAS,mtas.search.spans,MtasSpanFullyAlignedWithQuery.SpanFullyAlignedWithWeight,79,0,2,0,19,0,5,0,4,0
MTAS,mtas.search.spans,MtasSpanPositionQuery.SpanAllWeight,30,84,2,6,9,17,5,4,3,2
MTAS,mtas.search.spans,MtasSpanPrecededByQuery.MtasSpanPrecededByQueryWeight,0,6,0,0,0,3,0,1,0,1
MTAS,mtas.search.spans,MtasSpanEndQuery.SpanTermWeight,10,21,0,0,4,6,2,2,2,2
MTAS,mtas.search.spans,MtasSpanFullyAlignedWithQuery,330,69,68,12,63,13,45,3,5,3
MTAS,mtas.search.spans,MtasSpanIntersectingQuery.MtasSpanIntersectingQuerySpans,5,12,1,1,0,3,1,1,0,1
MTAS,mtas.search.spans,MtasSpanPrecededByQuery.SpanPrecededByWeight,24,55,1,1,7,12,3,2,2,2
MTAS,mtas.search.spans,MtasSpanSequenceItem,458,130,81,21,86,32,47,13,2,7
MTAS,mtas.search.spans,MtasSpanFollowedByQuery,141,163,26,24,29,30,25,8,3,5
MTAS,mtas.search.spans,MtasSpanMatchAllQuery,22,66,1,5,4,17,2,9,1,7
MTAS,mtas.search.spans,MtasSpanRecurrenceQuery.SpanRecurrenceWeight,17,61,4,4,6,17,5,3,1,3
MTAS,mtas.search.spans,MtasSpanTermQuery,20,63,1,9,6,14,4,10,3,6
MTAS,mtas.search.spans,MtasSpanRecurrenceSpans.Match,29,40,5,5,7,11,6,4,1,4
MTAS,mtas.search.spans,MtasSpanMatchNoneSpans,31,24,0,0,12,9,9,2,9,2
MTAS,mtas.search.spans,MtasSpanMatchNoneQuery.SpanNoneWeight,13,64,0,6,5,15,3,5,3,2
MTAS,mtas.search.spans,MtasSpanIntersectingQuery.SpanIntersectingWeight,24,55,1,1,7,12,3,2,2,2
MTAS,mtas.search.spans,MtasSpanMatchAllSpans,20,157,1,7,8,43,4,11,3,8
MTAS,mtas.search.spans,MtasSpanAndQuery,106,236,25,27,24,50,20,13,1,6
MTAS,mtas.search.spans,MtasStartSpans,89,0,18,0,15,0,20,0,11,0
MTAS,mtas.codec.tree,IntervalTreeNode,0,28,1,1,0,10,1,2,0,2
MTAS,mtas.codec.tree,MtasTreeNode,0,34,1,1,0,10,1,2,0,2
MTAS,mtas.codec.tree,MtasTree,118,251,14,26,14,52,14,16,2,8
MTAS,mtas.codec.tree,MtasAVLTreeNode,8,0,0,0,3,0,1,0,1,0
MTAS,mtas.codec.tree,IntervalRBTreeNode,0,11,0,0,0,4,0,1,0,1
MTAS,mtas.codec.tree,MtasAVLTree,525,0,52,0,100,0,39,0,13,0
MTAS,mtas.codec.tree,MtasRBTree,72,451,24,46,6,76,21,27,1,12
MTAS,mtas.codec.tree,IntervalTree,137,15,5,1,16,6,7,3,4,3
MTAS,mtas.codec.tree,IntervalTreeNodeData,38,20,0,0,3,7,1,1,1,1
MTAS,mtas.codec.tree,MtasTreeNodeId,70,19,12,0,13,6,8,2,2,2
MTAS,mtas.codec.tree,MtasRBTreeNode,0,11,0,0,0,4,0,1,0,1
MTAS,mtas.codec.tree,IntervalRBTree,167,389,32,42,24,69,28,23,3,11
MTAS,mtas.parser.cql.util,MtasCQLParserWordFullCondition,154,181,14,22,26,43,13,11,2,4
MTAS,mtas.parser.cql.util,MtasCQLParserGroupFullCondition,55,117,7,17,10,30,10,12,3,7
MTAS,mtas.parser.cql.util,MtasCQLParserBasicSentenceCondition,199,329,31,43,42,94,28,23,3,11
MTAS,mtas.parser.cql.util,MtasCQLParserGroupQuery,104,167,14,11,11,28,14,9,2,7
MTAS,mtas.parser.cql.util,MtasCQLParserWordCondition,518,467,80,74,91,106,59,41,5,18
MTAS,mtas.parser.cql.util,MtasCQLParserWordPositionQuery,19,92,3,3,5,19,5,6,2,6
MTAS,mtas.parser.cql.util,MtasCQLParserDefaultPrefixCondition,5,17,1,1,1,4,1,1,0,1
MTAS,mtas.parser.cql.util,MtasCQLParserWordQuery,270,107,25,5,36,20,17,7,3,6
MTAS,mtas.parser.cql.util,MtasCQLParserSentenceCondition,480,625,70,76,76,151,51,40,4,14
MTAS,mtas.parser.cql.util,MtasCQLParserSentencePartCondition,49,246,9,21,9,60,9,13,1,6
MTAS,mtas.parser.cql.util,MtasCQLParserGroupCondition,29,35,4,4,6,8,6,3,2,3
MTAS,mtas.parser.cql.util,MtasCQLParserBasicSentencePartCondition,145,38,11,5,17,12,9,7,2,6
MTAS,mtas.codec.util.collector,MtasDataFull,615,115,58,4,107,25,39,7,9,6
MTAS,mtas.codec.util.collector,MtasDataItemFull,313,281,80,36,45,50,59,19,3,3
MTAS,mtas.codec.util.collector,MtasDataDoubleAdvanced,550,0,72,0,88,0,53,0,17,0
MTAS,mtas.codec.util.collector,MtasDataItemLongFull,839,19,152,0,111,3,95,2,7,2
MTAS,mtas.codec.util.collector,MtasDataCollectorResult.new Comparator() {...},0,28,0,2,0,3,0,3,0,2
MTAS,mtas.codec.util.collector,MtasDataItemLongAdvanced,248,80,60,8,27,12,46,4,4,3
MTAS,mtas.codec.util.collector,MtasDataItemBasic,137,124,23,15,23,22,18,9,2,4
MTAS,mtas.codec.util.collector,MtasDataDoubleOperations,156,0,34,0,39,0,34,0,17,0
MTAS,mtas.codec.util.collector,MtasDataItemLongBasic,119,74,28,8,19,11,22,4,4,3
MTAS,mtas.codec.util.collector,MtasDataLongAdvanced,227,319,34,38,37,51,32,21,7,10
MTAS,mtas.codec.util.collector,MtasDataItemDoubleBasic,178,0,32,0,29,0,23,0,7,0
MTAS,mtas.codec.util.collector,MtasDataItemAdvanced,443,172,80,22,73,33,56,12,2,4
MTAS,mtas.codec.util.collector,MtasDataLongFull,445,76,69,3,79,8,50,3,14,3
MTAS,mtas.codec.util.collector,MtasDataCollectorResult,120,287,16,40,11,66,17,20,1,8
MTAS,mtas.codec.util.collector,MtasDataBasic,277,538,35,27,46,103,24,23,4,12
MTAS,mtas.codec.util.collector,MtasDataItemNumberComparator,239,88,42,8,36,17,28,7,4,6
MTAS,mtas.codec.util.collector,MtasDataLongOperations,69,85,22,12,21,18,23,11,6,11
MTAS,mtas.codec.util.collector,MtasDataAdvanced,364,1057,28,40,51,188,24,26,4,12
MTAS,mtas.codec.util.collector,MtasDataItemDoubleAdvanced,278,0,63,0,34,0,45,0,7,0
MTAS,mtas.codec.util.collector,MtasDataDoubleFull,527,0,72,0,88,0,53,0,17,0
MTAS,mtas.codec.util.collector,MtasDataLongBasic,274,306,39,37,48,51,34,21,7,10
MTAS,mtas.codec.util.collector,MtasDataItem,19,67,3,3,7,26,5,6,2,5
MTAS,mtas.codec.util.collector,MtasDataDoubleBasic,572,0,72,0,98,0,53,0,17,0
MTAS,mtas.codec.util.collector,MtasDataCollector,904,1782,99,191,127,388,83,95,4,29
MTAS,mtas.codec.util.collector,MtasDataItemDoubleFull,990,0,164,0,132,0,104,0,10,0
MTAS,mtas.analysis,MtasTokenizer,359,343,18,18,64,69,22,11,9,6
MTAS,mtas.solr.search,MtasSolrJoinQParserPlugin,8,4,0,0,1,2,1,2,1,2
MTAS,mtas.solr.search,MtasSolrJoinCache,647,37,76,4,109,12,50,2,10,2
MTAS,mtas.solr.search,MtasCQLQParser,174,133,27,13,27,33,19,3,0,2
MTAS,mtas.solr.search,MtasSolrJoinCacheItem,82,0,16,0,17,0,11,0,3,0
MTAS,mtas.solr.search,MtasJoinQParser,65,0,12,0,15,0,8,0,2,0
MTAS,mtas.solr.search,MtasSolrCQLQParserPlugin,0,12,0,0,0,3,0,3,0,3
MTAS,mtas.solr.handler,MtasRequestHandler,451,9,60,0,89,3,33,3,3,3
MTAS,mtas.solr.handler.component,MtasSolrSearchComponent,593,1033,102,160,104,209,82,61,1,11
